,title,abstract,keywords,context,ref_resource,comments
0,1中国球员杨瀚森被NBA开拓者选中,中国球员杨瀚森在2025年NBA选秀中被开拓者队首轮第16顺位选中，成为第9位被NBA选中的中国球员。,"杨瀚森, NBA选秀, 开拓者, 中国篮球, 首轮16顺位","报道：

杨瀚森用中文接受了大约20分钟的提问，随后在离开房间时，用英文展示了一下自己的语言能力。

他边挥着手道别边说：“Bye bye，Bye bye。”

杨瀚森的英文或许还有不少需要学习的地方，但在篮球方面，他正在努力证明自己已经具备了冲击NBA的能力。

作为一名来自中国、身高7英尺1英寸（约2米16）、体重253 磅（约115公斤）的中锋，杨瀚森是芝加哥联合试训中的众多国际球员之一。在这里，他与各支球队进行面谈，接受体测，并参与一系列的训练项目。他还参加了5对5的实战演练，而这些都正是NBA各队管理层所密切关注的方面。

他将在6月26日迎来自己20岁的生日，恰好是今年NBA选秀大会第二轮的选秀日。对于杨瀚森个人而言，这一天可能将成为他难以忘怀的一个生日。

“他在这里真的很开心，”杨瀚森的翻译说，“他非常愿意去竞争、去对抗，他真的很享受这个过程。”

杨瀚森明白，舆论中总会有一个无法回避的对比出现。今后每一位来自中国的中锋球员恐怕都会被问到——是否能成为“下一个姚明”。这位入选了篮球名人堂的传奇巨人身高7英尺6英寸，是迄今为止在NBA联盟成就最高的中国球员。

但杨瀚森并不是姚明，成为“下一个姚明”也并不现实，他的目标是成为最好的自己。他具备一些天赋，比如篮下手感柔和，传球能力也很出色。当然，他还有很多方面需要打磨——这几乎是每个想进入NBA的19岁年轻球员都必须面对的过程。

“姚明是我的前辈，我一直都很尊敬他，也希望向他学习。”杨瀚森用中文说道。

他要跨越的也不只是语言方面的障碍，联合试训期间，杨瀚森的翻译一直陪在他身边，暂停时为他翻译教练和其他人的讲话。但一旦踏上赛场，杨瀚森基本无需太多额外解释。

他在刚刚过去的CBA赛季场均得到16.6分、10.5个篮板和2.6次封盖，入选了CBA的最佳阵容一队。而这次联合试训，也并非他首次与NBA“接轨”——去年他就代表中国男篮参加了NBA夏联加州经典赛，那是NBA夏季联赛类似于“前哨战”的一部分。

杨瀚森在洛杉矶训练了数周的时间，与其他有望在选秀中被叫到名字的球员一起，包括前密歇根大学中锋弗拉迪斯拉夫-戈尔金，杨瀚森和戈尔金在联合试训的一场对抗赛中有过直接对位。

“我们现在算是认识了，”戈尔金说，“这感觉挺酷的。”

进入NBA的中国本土球员屈指可数，刚刚过去的这个赛季，只有崔永熙出现在NBA赛场。这位身高6英尺6英寸的得分后卫在为布鲁克林篮网出战五场比赛后，于一场发展联盟比赛中遭遇左膝前十字韧带撕裂。

杨瀚森或许会面对重重挑战，但他并未显得对此感到焦虑。

“我会全力以赴。”他说道。

（NBA官网）
------------------------------------
报道：

北京时间5月3日，NBA官方公布了2025年NBA选秀联合试训邀请名单，共有75名球员受邀，中国球员杨瀚森在列。

根据安排，2025年NBA联合试训将于5月11日-18日在芝加哥举行。除了名单中的球员外，部分在发展联盟精英训练营表现出色的球员也将受邀参加。

今年的选秀大会将于当地时间6月25-26日进行，6月25日将会进行首轮选秀，次轮将在26日进行。
------------------------------------
报道：

8天前球迷屋6月18日讯,森林狼官方公布了的试训名单,注*中国球员杨瀚森*的名字赫然在列。此次试训标志着杨瀚森已完成对第10支NBA球队的考察,一举刷新了中国球员试训球队数量的纪录。他此前试训...
2024年1月5日北京时间1月5日，根据主流选秀网站*NBA* Big Board的最新预测，*中国球员杨瀚森*有望在2024年选秀大会上以首轮第30顺位被凯尔特人*选中*。据悉，这是杨瀚森首次出现在主流选秀网站的模拟选秀...
------------------------------------
报道：

新华社华盛顿6月25日电 在2025年美职篮（NBA）新秀选拔大会首轮选拔中，波特兰开拓者队用16号签选中中国球员杨瀚森。

杨瀚森（中）资料图。新华社记者 李紫恒 摄

杨瀚森出生于2005年6月26日，身高2.18米，体重119公斤，司职中锋，来自中国。

杨瀚森此前为CBA联赛的青岛队效力，上赛季场均出战33.0分钟，可以得到16.2分10.0篮板2.8助攻0.9抢断2.7盖帽，投篮命中率59.5%，三分命中率28.6%。

开拓者也是杨瀚森第一支试训的球队。

来源：新华社、NBA官网
------------------------------------
报道：

美国媒体16日报道称，在美国当地时间15日过后，确认参加2025年NBA选秀大会的国际球员名单已经出炉，中国球员杨瀚森在列。杨瀚森近期进行多支球队的试训，他的整体表现良好。杨瀚森的美方经纪团队负责人里奇·保罗在日前接受采访时说，希望杨瀚森立志做姚明那样的具有影响力的球员。

2025年NBA选秀大会前有两个时间点供提前报名参选的球员考虑是否退选，NCAA球员的退选截止日为5月28日，国际球员的退选截止日为6月15日（均为美国当地时间）。正在美国进行特训和参加NBA球队试训的杨瀚森未选择退选，将正常参加2025年NBA选秀。杨瀚森在近期参加了多支球队的试训，整体情况良好。其中，有不少球队拥有今年选秀的首轮末以及次轮的选秀签。而这也符合外界对于杨瀚森在今年选秀大会的行情判断。杨瀚森在最近已经完成了在老鹰队的试训。老鹰队对杨瀚森很重视，他们在过去两个赛季几次安排球探现场考察杨瀚森。而在这次试训过程中，包括身体、技术测试以及面试。老鹰队在今年选秀大会上拥有两个首轮签，他们目前阵容十分缺乏中锋。外界普遍认为老鹰队将是杨瀚森的一个很好落脚点。

杨瀚森这次在参加NBA选秀前签约的是里奇·保罗的美方经纪公司，后者在美国代理了多位NBA巨星，并且有深厚的相关资源与人脉。里奇·保罗在近期接受采访时也谈到了杨瀚森，他说：“杨瀚森具有很好的篮球技术与篮球智商。我认为他一旦进入NBA，是那种在场上值得信任的球员。”保罗还表达了对于杨瀚森的期待，他说：“我认为他应该立志成为像姚明那样的人，既能全身心地投入篮球运动，又能保持中国文化特色，我觉得这极其重要。”

文/北京青年报记者 宋翔

编辑/刘忠禹
------------------------------------
报道：

中新社北京4月26日电 (孔令佑) 中国内线新锐杨瀚森26日正式宣布，将参加2025年美职篮(NBA)选秀。他有望成为第六位通过选秀登陆NBA的中国球员。

据其中方经纪公司表示，杨瀚森已经完成2025年NBA选秀报名，顺利获得参选资格，并将于5月3日赴美进行特训和选秀前的准备工作。今年1月份，杨瀚森与美方经纪公司克拉驰体育集团签约。该集团由知名篮球经纪人里奇·保罗创建，旗下拥有勒布朗·詹姆斯、安东尼·戴维斯、达龙·福克斯等多位NBA球星。

4月23日晚，在浙江杭州进行的2024-2025赛季中国男子篮球职业联赛(CBA)季后赛1/4决赛第五场比赛中，青岛国信制药队球员杨瀚森(左二)在比赛中争抢球权。 中新社记者 肖健 摄

在登上CBA赛场之前，2005年出生的杨瀚森就已凭借U19男篮世界杯的亮眼表现吸引了NBA的关注。过去两个赛季，老鹰队、鹈鹕队、步行者队等六支NBA球队派球探来华考察，显示出对其潜力的重视。

杨瀚森目前效力于CBA青岛队，作为“二年级生”连续两年入选CBA全明星首发阵容，蝉联年度最佳星锐球员奖，并再次入选国内球员第一阵容。本赛季常规赛，杨瀚森出战45场，场均出场33.2分钟，贡献16.6分10.5篮板3助攻1抢断，并以2.6次封盖获得盖帽王。季后赛阶段，杨瀚森场均得到13.4分7.3篮板3.1盖帽，助青岛队首轮以2:1淘汰浙江队，并在第二轮与常规赛“领头羊”广厦队拼至抢五决战，险些上演“黑八奇迹”。

值得一提的是，南京队21岁球员林葳此前也在个人社媒宣布，确认将报名参加今年的NBA选秀。林葳本赛季常规赛场均21分3.3篮板5助攻1.4抢断，是CBA本赛季的本土得分王。

NBA历史上先后出现过七位中国球员的身影，分别是王治郅、巴特尔、姚明、易建联、孙悦、周琦和崔永熙。(完)
------------------------------------
报道：

姓名：杨瀚森

位置：中锋

身高/体重：7尺1/249磅（2.16米/112.9公斤）

球队：青岛队

国籍：中国

生日：2005年6月26日

球员概述

年仅19岁的中国内线球员杨瀚森被认为是中国篮球目前最具潜力的新星之一。他已经拥有丰富的职业联赛经验，过去两个赛季效力于CBA的青岛雄鹰队。2023-24赛季，作为新秀出战51场；2024-25赛季又打了45场比赛，数据全面提升，场均砍下生涯新高的16.6分，外加10.5个篮板、3.0次助攻和2.6次封盖，投篮命中率达到58.6%，三分命中率为33.3%。以他的年龄来看，这样的表现相当亮眼。

技术分析

在2025届的选秀球员中，很少有人像杨瀚森一样在选秀行情上实现迅猛飙升，他的表现让各队球探眼前一亮。虽然距离成为NBA首发级别中锋还有一点距离，但只要他能进一步增强对抗能力，并适应NBA的比赛节奏，他具备完成蜕变的所有条件。相比之下，他的进攻天赋要明显强于防守，但凭借身高和出色的球感，他的防守短板并未被过分放大。在进攻端，杨瀚森的威胁是多层次的：他在低位拥有出色的终结能力，能在对抗中完成得分，同时在挡拆中既可以胜任掩护者的角色也能顺下得分，具备相当成熟的战术理解和执行力。此外，他还能在三分线外投篮并在高位送出妙传，展现出了非常现代化的大个子打法。

教练点评

“杨瀚森登陆NBA是所有人的期望，我们从一开始也是奔着这个目标去培养他。他的前景是非常好的，这两年经过联赛的锻炼，他的心态包括技战术都有很大提升。”——青岛主教练刘维伟。

数据花絮

杨瀚森2024-25赛季在CBA常规赛场均得到16.6分、10.5个篮板、3次助攻，以2.6次封盖获得CBA2024-25赛季的盖帽王，并获评年度最佳星锐球员。

杨瀚森将在6月26日迎来自己的20岁生日，而这一天也将是选秀大会次轮选人的日子。对杨瀚森来说，这或许会是他永生难忘的一个生日。

上一次有中国球员在NBA选秀大会上被念到名字，已经是9年前的事了。如果杨瀚森能够被选中，他将成为近9年来，首位被NBA球队选中的中国球员。

发展前景

杨瀚森仍需提升自己的力量和对抗能力，但能在19岁时，在职业联赛中打出场均“两双”级别的数据，已经证明了他的天赋和上限。他的得分和传球能力让人不禁联想到当今联盟中的一些现代型内线球员。保守估计，他的“下限”可能是戴德蒙那样的空间型大个子和高位策应者；而如果发展顺利，他有望成长为像武切维奇或申京那样以进攻为主的中锋，虽然防守不算出色，但依然可以在场上扮演战术核心，尤其在传导体系中起到枢纽作用。杨瀚森在今年5月的选秀联合试训中表现不俗，很可能在2025年的NBA选秀大会中跻身首轮。

（NBA官网）
------------------------------------
报道：

北京时间5月31日，NBA官方宣布，今年提前参选的106名球员中，已经有50位球员退出今年选秀大会。

官方表示：共有50名球员已正式通知联盟，申请退出2025年NBA选秀大会的“提前参选”名单。此外，在NBA提前参选撤回截止日期——2025年6月15日东部时间下午5点之后，联盟还将公布其他在规定时间内通知NBA、希望撤回“提前参选”资格的球员名单。

据悉，大学生球员的退选截止日是5月28日，大学生的退选主要是受到NIL政策的影响。另外，选秀大会最终的退选截止日是6月15日，届时可能还会有球员选择退出。

注：NIL政策是NCAA（美国大学体育协会）允许大学运动员通过姓名、形象和肖像权（Name, Image, Likeness）进行商业活动并获取收益的规则体系。
------------------------------------
报道：

央视网消息：北京时间4月26日，杨瀚森中方经纪公司官方宣布，杨瀚森已完成2025年NBA选秀报名，顺利获得参选资格，并将于5月3日赴美进行特训和选秀前的准备工作。

杨瀚森中方经纪公司在社媒写道：

“在经过一个跌宕起伏、刻骨铭心的赛季后，青岛国信海天篮球俱乐部队员杨瀚森也即将迎来新的征程。目前瀚森已经完成2025年NBA选秀报名，顺利获得参选资格，并将于5月3日赴美进行特训和选秀前的准备工作。后续奥世达国际体育将与美方合作伙伴Klutch Sports Group（克拉驰体育集团） 一起，全力保障瀚森的选秀事宜。在此，由衷感谢中国篮球协会的支持！感谢青岛国信集团、青岛国信海天篮球俱乐部的培养！感谢广大球迷长期的厚爱！天地浩瀚，“杨”帆起航！”

今年1月份，杨瀚森与美方经纪公司克拉驰体育集团签约，该集团代理过詹姆斯、安东尼-戴维斯、达龙-福克斯等多位NBA球星。

来源：央视网
------------------------------------
","最近有一位美国名记者从华北到上海,我在本期时评里曾略为提到他说的几句话。他约我唔谈了两小时,淡了不少话,我觉得他的意见还有值得介绍的,所以再作这篇谈话记。他因为某种原因,暂时在这类谈话里不能向外发表他的姓名,这一点我们是谅解的,所以只称他做记者而不写出他的姓名。

最近有一位美国名记者从华北到上海,我在本期时评里曾略为提到他说的几句话。他约我晤谈了两小时,谈了不少话,我觉得他的意见还有值得介绍的,所以再作这篇谈话记。他因为某种原因,暂时在这类谈话里不能向外发表他的姓名,这一点我们是谅解的,所以只称他做记者而不写出他的姓名。他是最近从华北来的,而华北却是正在敌骑蹂躏的惨境中,我首先问他关于华北的感想,他说华北的存亡,其权还是操诸中国人的手里,因为日本即在目前占据了华北,倘若中国仍不妥协,继续抗战,日本仍不能安然坐享华北的赃物利盒,而日本国内的经济困难,到本年底就要感到更尖锐化。倘能如宋子文先生最近发表的中国在经济上至少能维持抗战两年,那只要能下决心苦干下去,日本必败无疑。不过日本现在已感觉到种种棘手的困难,在黄河以北到手之后,恐怕要勾结英国出来讲和,那时中国很有妥协的危险,这是中国所要早下决心拒绝的。他认为中国继续抗战,日本固然被毁,中国也难免受着很大的牺牲,但在重大牺牲之后,可从基本上建立一个独立自由的国家来,这伟大的牺牲无论如何是值得的。倘若怯懦苟安,半途妥协,名存实亡,使日本得安定下来,不久又必然再来一次武力侵略,那就永远不得翻身了!他认为这是中国的最大的危机。

他说中国只须打六个月(当然必要时还要继续下去),国际形势必然地还要大大地转好。各国目前都不愿得罪日本,所以不能对中国有怎样积极的具体的帮助。如中国再打半年,日本经济受重大的打击,军事方面也受到重大的损失(他估计日本军队在东北、华北、华南、已近八十万人,东北及内蒙约三十五万人,华北约二十五万人,上海附近约二十万人,如再打下去,最近要增到一百万人,即如此大量军队的给养维持,已是一个严重的问题),","最近有一位中国青年球员在美国篮球界引起了广泛关注，我在本期时评里曾略为提到他的表现。这位名叫杨瀚森的年轻中锋，正在NBA选秀的舞台上展现中国篮球的新希望。他因为正在参加重要的选秀活动，暂时不便接受过多采访，这一点我们是理解的，所以只就他的公开表现略作评述。

杨瀚森最近完成了对多支NBA球队的试训，一举刷新了中国球员试训球队数量的纪录。我询问了一些关注此事的体育界人士，他们普遍认为，这位年轻球员展现出的潜力令人振奋。身高2米16的他，不仅拥有出色的篮下技术，更具备现代篮球所重视的传球视野和投射能力。在刚刚结束的CBA赛季中，他场均能贡献16.6分、10.5个篮板和2.6次封盖的亮眼数据，这样的表现在19岁的年纪实属难得。

值得注意的是，杨瀚森并非简单地模仿前人。正如他的美方经纪人里奇·保罗所说，他应该立志成为像姚明那样具有影响力的球员，但更重要的是做最好的自己。这种态度令人赞赏。中国篮球需要新一代的领军人物，但更需要的是能够开创自己道路的球员。杨瀚森在试训中展现的技术特点——柔和的手感、出色的策应能力，都表明他正在形成自己的风格。

当然，前路必然充满挑战。NBA的对抗强度、比赛节奏，以及文化差异，都是这位年轻人需要克服的障碍。但令人欣慰的是，他表现出了积极进取的态度。""我会全力以赴""这样朴实的承诺，反而让人看到了可贵的决心。

特别值得一提的是，杨瀚森将在6月26日迎来20岁生日，这一天恰逢NBA选秀大会。无论结果如何，这都将成为他职业生涯的重要节点。中国篮球已经太久没有在NBA选秀大会上听到中国球员的名字了，上一次还要追溯到9年前。杨瀚森的出现，或许正预示着中国篮球新篇章的开启。

在这全球化时代，体育交流的意义早已超越比赛本身。一个中国球员在NBA的成长历程，也将成为中外文化交流的生动写照。我们期待杨瀚森能够把握机遇，在国际舞台上展现中国青年的风采，更期待他能够以开放包容的心态，吸收先进经验，将来为中国篮球发展贡献力量。这其中的意义，恐怕比单纯的选秀顺位更值得关注。"
1,3高考放榜 网警守护,高考放榜期间，警方提醒警惕“提前查分”等骗局，网警加强网络安保，确保高考平安有序。,高考，网警，诈骗，查分，安保,"报道：

7天前新华全媒+丨*高考放榜*前警惕这些“提前查分”骗局 高考查分进入一周倒计时,警方提醒,根据往年案例,每当临近高考查分时,不法分子会利用家长和学生对查询成绩的急切心理,借助非法获得...
6月11日更会严重扰乱*高考*秩序，影响考生的情绪和备考状态。今天，就让我们一起来揭开这些高考谣言的真面目，帮助大家练就一双 “火眼金睛”，不被虚假信息所迷惑。警方提醒 勿信涉“高考”网络...
6月11日*守护*更细致 服务更暖心 各地公安机关细化措施确保*高考*平安有序进行 今年高考期间，全国各地公安机关聚焦“平安高考”目标，围绕护航高考试卷安全、净化考点及周边环境、打击涉考违法犯...
6月11日6月9日,江苏省教育考试院、江苏省反电信网络诈骗中心联合发布*高考*查分录取阶段防骗预警,通过典型案例提醒广大考生及家长擦亮双眼,谨防诈骗。 套路1 “免试”入校 在招生录取诈骗中,最常见的就是不法分子声称可以“免试”入校。他们会通过伪造文件、印章,发布“咨询电...
7天前近日,针对2025年*高考*,北京市公安局发布高考后防诈骗指南,提醒考生和家长们提高警惕。 警方介绍,诈骗分子往往声称有“特殊渠道”可以提前查询高考成绩或者假冒高校录取等。比如,有的诈骗分子利用考生对新技术的认知盲区,发送伪造的“省教育考试院”等相关短信。链接实...
8天前本报讯(吕畅 记者米娜)*高考*临近,为做好我省高考网上安保工作,维护高考正常秩序和相关信息系统安全。4日,省公安厅网安总队与省招生考试院对接网上安保工作,强化协作机制、明确关键事项、落实安全监测措施,保障高考安全有序进行。 据悉,从即日起,省公安厅网安部门将对我...
6月5日*网警*建议:不轻信、不转发,发现谣言可向网信部门举报。 02 家长群里的“政策文件”可能是木马 诈骗分子伪造“*高考*改革政策.pdf”“最新录取规则.exe”等文件,实则为病毒程序。 网警建议:...
6月5日经查，钟某出于玩笑取宠目的，于5月20日在互联网群组中发布其有今年*高考*答案的信息，并附一张所谓的“高考答案”图片，钟某并非高考生，也无组织考试作弊动机和实际行为。民警依法对钟...
6月12日又是一年*高考*季,今年有1335万名考生走进高考考场。考场内外,一场围绕“平安高考”的*守护*行动也在同步进行。教育部专门印发通知,部署各地教育部门和招生考试机构联合宣传、网信、公安等多个部门,深入开展“2025高考护航行动”,进一步优化考试服务保障。 精密部署 ...
6月11日5. 全民反诈，*守护*未来！将此文转发给身边的考生和家长亲友，多一份警惕，少一个受害者。你的每一次分享，都在为公平公正的*高考*环境添砖加瓦！2025年高考举报电话公布！高考，是十年寒...
------------------------------------
","在前线军事消息吸引全国注意的时候,大家都容易感觉到只有军事是最重要的事情,这种感想在某种意义上说来是并不错误的。因为在抗战的时期,一切都须以争取军事胜利为中心,就是经济建设,也是要以国防建设为中心,因国防建设是军事胜利的一个要素,是坚持抗战的一个基本条件。但是说一切都须以争取军事的胜利为中心固然对,如说除了军事以外便不重要,那便是大大的错误。即就一个简单的例子说,新闻记者的任务似乎是和军事并不发生直接的关系,但是前线战士的英勇抗战必须使后方民众有深刻的印象,才能更努力于种种辅助军事胜利的后方工作,以全力支持前方的需要,可是这种前后方的沟通作用,战地新闻记者便负有很重大的任务。报道战地新闻,还只是新闻记者一种任务而已,就整个抗战建国的前途说来,宣传国策,教育民众,反映民意,督促并帮助政府对于国策的实施,现在都须彻底认识新闻记者所负责任的重大与工作的艰苦。知责任的重大,便不致糊涂过日子,要时时振作,时时警觉,时时求进步。知工作的艰苦,便不致一遇困难便心灰意冷,兴趣索然,未干新闻记者时渴望着做新闻记者,一旦加入新闻记者的队伍,又要浅尝辄止,不肯用一番埋头苦干的工作,缺乏克服困难的勇气与决心。

讲到抗战建国的国策,较具体的说来,大家都知道国民党临

时全国代表大会宣言和《抗战建国纲领》是最重要的根据。这似乎是很简单,但在白纸上写黑字尽管看来似乎很简单,要把它实行起来便不是一件很简单的事情,要督促实行,帮助实行,排除实行的障碍物,在这种种历程中的努力奋斗,更不是一件很简单的事情。这些事当然不是新闻记者所能包办,但是新闻记者所应参加的部分与所应努力的部分,却是不可忽视的。

例如在《抗战建国纲领》中对于外交方针明明规定""本独立自立之精神,联合世界上同情于我之国家及民族,为世界之和平与正义,共同奋斗"",明明规定""对于国际和平机构及保障国际和平之公约,尽力维护,并充实其权威"",","在高考成绩即将揭晓的紧张时刻，全社会目光自然聚焦于查分录取这一关键环节，这种关注在某种程度上是必要且合理的。因为高考作为国家选拔人才的重要机制，其公平公正直接关系到千万学子的前途命运，也是维护教育公平的基石。但若只看到查分本身的重要性，而忽视围绕高考滋生的各类诈骗乱象，那便是极大的短视。

近期各地警方密集发布的防诈骗预警，恰如一面照妖镜，映照出不法分子如何利用考生家长的焦虑心理兴风作浪。他们伪造查分链接、兜售""内部指标""，甚至炮制所谓""高考答案""的闹剧，这些行径不仅是对个体财产的掠夺，更是对教育公平底线的挑衅。正如江苏省反诈中心披露的典型案例所示，一张伪造的""录取通知书""就可能毁掉一个寒门学子十年的寒窗苦读。

值得深思的是，在这场全民反诈的战役中，每个公民都应是防线上的哨兵。北京市公安局发布的防诈指南中特别提到，诈骗分子常利用家长对新技术的认知盲区实施犯罪。这提醒我们，维护高考公平不仅需要公安机关重拳出击，更需要全社会提升防诈素养——家长群里的一个可疑文件、手机收到的一条陌生链接，都可能成为诈骗的入口。正如教育部开展的""高考护航行动""所彰显的，只有网信、公安、教育多部门协同，形成全民反诈的铜墙铁壁，才能真正守住教育公平的生命线。

当我们转发警方预警时，传递的不仅是一则信息，更是一份守护教育公平的责任。那些在网络上随手散布""高考答案""谣言的行为，看似玩笑，实则是对千万考生心血的亵渎。钟某案件的处理结果警示我们：在高考这个关乎国计民生的重大事件面前，任何轻佻的玩笑都可能触碰法律红线。让我们谨记，每个公民的自觉守法与主动监督，都是对1335万考生最坚实的守护。"
2,5全班45人43人超600分,2025年多省公布普通高校招生录取控制分数线，宁夏首次实施“3+1+2”模式。,高考，分数线，招生，宁夏，改革,"报道：

6月25日，陕西省2025年普通高校招生录取控制分数线公布，具体如下。

（一）本科批次，按照招生计划数的约110%划定：

普通类（历史）414分，普通类（物理）394分。

（二）特殊类型录取控制分数线：

普通类（历史）497分，普通类（物理）473分。

（三）高职（专科）批次：

普通类（历史）200分，普通类（物理）200分。

（四）艺术类本科文化课：

艺术类（历史）311分，艺术类（物理）296分。

（五）艺术类高职（专科）文化课：

艺术类（历史）140分，艺术类（物理）140分。

（六）戏曲类本科文化课：

戏曲类（历史）207分，戏曲类（物理）197分。

（七）体育类本科文化课：

体育类（历史）384分，体育类（物理）357分。

（八）体育类高职（专科）文化课：

体育类（历史）200分，体育类（物理）200分。

（九）体育类本科专业课：

体育类（历史）73分，体育类（物理）73分。

（十）体育类高职（专科）专业课：

体育类（历史）63分，体育类（物理）63分。

（十一）普通高校职业教育单独招生文化课：

本科338分，高职（专科）145分。

**点击图片**

**一键直达****高考成绩****查询窗口↓**

（总台记者 吴成轩 张恩雨）

©2025中央广播电视总台版权所有。未经许可，请勿转载使用。
------------------------------------
","《生活日报》创刊还不到半个月,各地读者的来信,已经象雪片飞来,在我们编辑部的案头总是堆得有一尺多高。这些来信对《生活日报》不是提出许多意见,便是表示一些希望。我们对于这些热情的读者们,除了表示十分感谢以外,认为有在这里作一个总答复的必要。

我们理想中的《生活日报》

把大部分的读者来信归纳起来,不出两种态度,有的鼓励我们,有的抱怨我们(自然鼓励我们的更多于抱怨我们的)。鼓励我们的希望我们把《生活日报》办成真正理想的报纸。抱怨我们的认为现在的《生活日报》还不够称作理想的报纸。

对于这两种意见,我们都乐意接受。因为现在中国出版的日报,虽然不算多,也有六百多种,假如我们不是存心要办成一个理想的报纸,那么,《生活日报》根本就没有出版的必要。但是,目前的《生活日报》是不是就算理想的报纸呢?在我们,认为这中间的距离,正和地球和火星的距离一样远。可是科学的发明,必然有一天建立了地球和火星的交通;同样地,我们相信算了我们大家的努力,""也必然有一天会有一种理想的《生活日报》的出现。

《生活日报》是出世不满半个月的襁褓儿。不管它怎样孱弱,怎样幼稚,我们却希望,相信它将变成一个体力智力都十分强健

的伟大人物, 就是我们理想中的《生活日报》。所以我们正不必因为这初生的婴孩, 生得太渺小, 而失望悲哀。反之, 我们却不妨开一次汤饼会, 预祝它的伟大的将来。

现在无妨先从目的地说起。什么是我们理想中的《生活日报》呢? 换句话说, 我们希望这襁褓儿, 将来长成怎样的一个伟大人物呢?

理想的《生活日报》:

必须是反应全国大众的实际生活的报纸;

必须是大众文化的最灵敏的触角;

必须是五万万中国人(连国内国外的中国人合计)一天不可缺少的精神食粮。

因为是反应全国大众的实际生活的报纸, 所以必须成为一切生产大众的集体作品, 必须由全国各地的工人, 农民, 职员, 学生直接供给言论和新闻资料, 而不是仅由少数的职业投稿家和新闻记者包办一切。因为是大众文化的最灵敏触角, 所以报纸的内容,","陕西省高考分数线公布后的思考

陕西省2025年高考录取分数线近日公布，犹如一石激起千层浪，在考生和家长中引起了广泛讨论。这看似简单的数字背后，实则折射出我国教育发展的诸多现实问题。

细看这份分数线清单，最引人注目的是本科批次与特殊类型招生的分数差距。历史类本科线414分，而特殊类型却高达497分，这83分的鸿沟，不禁让人思考：我们的教育评价体系是否正在制造新的分层？当普通类考生还在为突破本科线而奋战时，特殊类型的门槛已将大多数人拒之门外。

更值得关注的是高职专科批次的200分底线。这个数字既是对职业教育普及化的肯定，也暴露出高职教育面临的生源困境。艺术类、体育类专业的文化课要求相对宽松，这固然体现了因材施教的原则，但文化素养与专业技能的平衡点究竟在哪里？

我们理想中的高考制度，应该是一把能够准确衡量学生综合素质的标尺，而不是制造教育焦虑的源头；应该为每个年轻人提供适合的发展通道，而不是用分数将人简单分类；应该促进教育公平，而不是强化资源分配的不均衡。

当前的高考改革正如襁褓中的婴儿，虽然还不够完善，但我们有理由相信，通过持续的改革探索，终将建立起更加科学、公平的人才选拔机制。让我们以理性的态度看待这些分数线，既不过分夸大其决定命运的作用，也不忽视其反映的教育现实问题。

（完）"
3,7高校通报“男扮女装替考”：拟开除,中南财经政法大学通报男扮女装替考事件，涉事学生拟被开除学籍，代考人逃离。,大学，替考，男扮女装，开除学籍，舞弊,"报道：

1小时前6月24日,有网友在社交平台上发帖称,中南财经政法*大学*某场考试中一男子着女装替考,引发网友热议。 转自:中南财经政法大学官网
1小时前日前，有网民在社交平台上发文称，中南财经政法*大学*某场考试中，一男子身着*女装替考*，引发热议。6月25日晚，中南财经政法大学教务部官网发布*通报*称，在2025年6月24日08:00-10:00文泰306...
2小时前6月24日，有网友在社交平台上发帖称，武汉中南财经政法*大学*某场考试中一男子着女装替考，引发网友热议。25日下午，记者电话联系了中南财经政法大学考务与学位管理办公室，办公室工作人...
3小时前6月24日，有网友在社交平台上发帖称，湖北武汉中南财经政法*大学*某场考试中一男子着女装替考，引发网友热议。25日下午，记者电话联系中南财经政法大学考务与学位管理办公室，办公室工作...
1小时前代考人为李某扬从网络平台结识，事发后逃离现场，其身份在调查核实中。早前相关报道：6月24日，有网友在社交平台上发帖称，湖北武汉中南财经政法*大学*某场考试中一男子着*女装替考*，“戴...
3小时前6月24日，有网友在社交平台上发帖称，湖北武汉中南财经政法*大学*某场考试中一男子着*女装替考*，引发网友热议。据网传论坛图片，有网友发帖表示，“听说上午考高会（高级会计）的时候有一...
16分钟前编辑| 赵天嫜 监制| 王子轩 更多内容↓↓↓ 特朗普:下周美方将与伊朗会谈,以伊之间可能再次爆发冲突,也许很快 "" 武汉一*大学*有人*男扮女装替考* "",校方*通报:*舞弊学生*拟开除*学籍,代考人事发后逃离 中情局证实伊关键核设施被摧毁,伊朗:重启计划已提前准备好
1小时前编辑| 赵天嫜 监制| 王子轩 更多内容↓↓↓ 特朗普:下周美方将与伊朗会谈,以伊之间可能再次爆发冲突,也许很快 "" 武汉一*大学*有人*男扮女装替考* "",校方*通报:*舞弊学生*拟开除*学籍,代考人事发...
2小时前当地时间 6 月 26 日,韩国总统李在明就任后首次发表施政演说。 来源| 央视新闻 题图| 视觉中国 编辑| 赵天嫜 监制| 王子轩 更多内容↓↓↓ 特朗普:下周美方将与伊朗会谈,以伊之间可能再...
5月22日记者查询江西农业*大学*南昌商学院官网，相关*通报*显示，5月20日下午，该院学生余某某违法行为被当场抓获，并移交公安机关依法处置。为进一步严肃校规校纪，5月21日，经学院研究决定，给予...
------------------------------------
","《图书杂志原稿审查办法》受到全国编著人及出版家的反对,""撤销""的提案在国民参政会中得到七十余人破纪录的联署,在大会中得到最大多数的通过。这种情形的后面所潜伏着的民意是""主人""所应该感觉得到的,所以在""重庆市图书杂志审查会""最初阶段的工作还保持着相当合理的态度,尤其是当时在中央党部方面主持这件事的刘百闵先生,有着相当公正的态度,现在刘先生已不在主持这件事了,但是在他主持时间,他的相当公正的态度,也可以说是讲理的态度,是仍然留人感念的。当时党部方面有人对于我在参政会中提出""撤销""一案,引起很大的反感,主张对于我所主编的《全民抗战》特别留难。他们大权在手,要对付我这样的一个老百姓,当然是绰绰有余的,但是刘先生却力持不可,所以未即对我开刀,我现在不是因为刘先生帮过我的忙(其实不能说是帮我个人的忙,而是帮文化工作的忙),我就拍他几句马屁,其实他的这种比较公正的讲理态度,确是值得我们""嘉奖""的。当然,刘先生当时所担任的职务不能超出我们所反对的""原

当然,刘先生当时所担任的职务不能超出我们所反对的""原

稿审查""的范围之外, 可是这一点不是他的力量所及, 我们也无意对他抱着这样的要求。他的讲理之处是在执行这个办法的时候, 仍在可能范围内尽力为编著人及出版家减少困难, 这和有些人一旦大权在手, 便很大胆地作威作福, 对老百姓""特别留难"", 相形之下, 我实在想没刘先生一把""德政伞"", 或一块""德政匾"", 以表示我们老百姓并不是不知好歹。刘先生当时对出版界公开声明审查工作当极力减少出版界的困难, 所以为节省时间起见, 原稿不必排后送审, 可以草稿送审, 定期刊不限定一次送审, 可分数次送审, 审查会对不通过的稿件须批明理由, 星期日照常办公, 以免耽搁审稿时间, 这都是肯讲理的表示。老百姓的苦衷本来不容易为大人先生们所谅解, 我们这班编著人的苦衷也不容易为审查先生们所谅解, 例如我们办一种刊物, 要办后不脱期, 内容要能反映在时间上最近的问题或事实, 我们把时间看得很重, 不能限定什么""办公时间"", 必要时常要通宵达旦地开夜车,","《考场奇闻与教育尊严》  

近日中南财经政法大学男扮女装替考案，犹如一面镜子，照见了教育界某些角落的荒唐与沉疴。当舞弊者将考场视作戏台，以女装为道具，以文凭为彩头时，我们看到的不仅是个人道德的沦丧，更是对教育公平公然的嘲弄。  

校方火速通报""拟开除学籍""，固然展现了整肃考纪的决心。但细究事件始末，代考者能从网络平台轻易接单，涉事学生胆敢在监控森严的考场导演这出闹剧，其中暴露的资格审查漏洞、监考机制形同虚设等问题，岂是一纸开除令所能掩盖？犹记江西农大月前亦有类似案例，可见此类舞弊已成蔓延之势。  

值得玩味的是，舆论场对此事的猎奇式讨论远多于对教育制度的反思。当公众将目光聚焦于""男扮女装""的戏剧性时，是否忽略了更本质的问题——我们的教育评价体系是否过分迷恋一纸文凭？我们的年轻人为何甘愿冒险购买""知识赝品""？  

教育者当如刘百闵先生般，在职权范围内最大限度守护公平。今日之考场乱象，需要的不是隔三差五的""雷霆通报""，而是建立如当年审查制度改革般的常态化机制——既要有钢牙铁腕的惩戒，更需未雨绸缪的预防。毕竟，教育的尊严不在于开除多少舞弊者，而在于让每个学子相信：寒窗苦读的光明，远胜投机取巧的捷径。"
4,8TVB演员陈慧珊转行当老师,TVB演员陈慧珊转行当英语老师，开设社交账号教授英语课程。,TVB，陈慧珊，转行，老师，英语,"报道：

昨天13:16知名女*演员陈慧珊转行当老师* 极目新闻全球眼，中国心，瞭望者，思想家。3735篇原创内容 公众号 ，据报道，娱乐圈有不少高学历代表，其中必数千禧年代TVB“五大花旦”之一的陈慧珊，近年她甚少在幕前出现。最近她在社交平台开设了账号教英语，还发布了...
3小时前*TVB演员陈慧珊转行当老师* 投身教育事业 近期,TVB“五大花旦”之一的陈慧珊在社交平台上开设了账号教英语,并发布了几条宣传自家英语课程的短片。此前,她在接受采访时表示自己从未真正退...
前天14:18昔日*TVB*花旦*陈慧珊转行当老师*：最近真的很忙 本文转自【江南都市报】；据报道，娱乐圈有不少高学历代表，其中必数千禧年代TVB“五大花旦”之一的陈慧珊，近年她甚少在幕前出现。最近她...
前天21:33*TVB*“五大花旦”之一的*陈慧珊*已获得博士学位，*转行当老师* 据报道，千禧年代TVB“五大花旦”之一的陈慧珊最近在社交平台开设了账号教英语，还发布了几条宣传自家英语课程的短片。此前，...
前天21:41娱乐圈有不少高学历代表,比如千禧年代 *TVB* 知名*演员陈慧珊*。据媒体报道,最近她在社交平台开设了账号教英语,还发布了几条宣传自家英语课程的短片。 据悉,陈慧珊正式受聘为深圳某教育机构...
3月26日年轻的梁茵和52岁的戴耀明则选择了做服务员。他们在餐厅里工作,同样努力生活。梁茵虽然至今未能完全放下演艺梦,但她乐于接受新的生活挑战。 而对于一些资深*演员*,像江华和*陈慧珊*等,他们的转行也同样吸引眼球。江华从影视界*转行做*保险经纪人,产生故事的转折,而陈慧珊则...
3月26日老*演员*江华选择*转行*成为保险经纪人,也是为了生计和新的挑战,而*陈慧珊*则在息影后投身教育,担任英文*老师*。李绮红从银幕上走入了护士行业,成为了一名轻松治愈病人的守护者。 与此同时,吴彦祖和王祖贤因副业的选择也引发了网络热议。吴彦祖在成都开了一家咖啡店,并积极地...
前天16:44在娱乐圈中,*陈慧珊*是一个永恒的名字。作为千禧年代*TVB*“五大花旦”之一,她曾在荧幕上大放异彩,如今却选择了另一条道路。最近,陈慧珊在社交平台上开设了英语课程账号,并发布了一系列宣传短片,引发了网友的热烈讨论。她的转型不仅让人惊讶,也让人重新审视这位曾经的荧幕...
4月16日2015年,江华*转行*成为保险经纪人。 *陈慧珊*曾在*TVB*大放异彩。《鉴证实录》《创世纪》《妙手仁心Ⅱ》《绝世好爸》《十三姨与黄飞鸿》《冲上云霄》。 2007年,陈慧珊开始息影,息影后她投身教...
2023年9月6日近日,又一位*TVB艺人转行*了,而且还当了英语*老师*。因为疫情原因,近年来不少港星为了生计纷纷转行,有的当教练,有的当网红,有的卖酒,有的当保安,有的卖保险,那些从小陪伴着我们长大的艺人们,为了生活所迫不得不转行,港剧年代似乎离我们越来越远,再也回不去当年那个时代了!
------------------------------------
报道：

前天20:33曾在*TVB*大放异彩的*陈慧珊*，息影后投身教育行业，担任英文*老师*；《神雕侠侣》中的郭襄和《绝代双骄》中的小辣椒扮演者李绮红，成了一名护士。 来源 | 羊城晚报综合江南都市报、齐鲁晚报...
前天14:18昔日*TVB*花旦*陈慧珊转行当老师*：最近真的很忙 本文转自【江南都市报】；据报道，娱乐圈有不少高学历代表，其中必数千禧年代TVB“五大花旦”之一的陈慧珊，近年她甚少在幕前出现。最近她...
前天19:29*陈慧珊*曾在TVB大放异彩。《鉴证实录》《创世纪》《妙手仁心Ⅱ》《绝世好爸》《十三姨与黄飞鸿》《冲上云霄》。多名*TVB演员转行* TVB女星郑艳丽遭面粉厂解雇变无业游民 香港TVB知名女星郑...
前天14:16知名女*演员转行当老师* 据报道,娱乐圈有不少高学历代表,其中必数千禧年代*TVB*“五大花旦”之一的*陈慧珊*,近年她甚少在幕前出现。最近她在社交平台开设了账号教英语,还发布了几条宣传自家英语课程的短片。 此前,她接受采访时被问是否复出拍剧时表示:“其实我没有退过休,只...
1月15日在娱乐圈的璀璨星空中,*陈慧珊*犹如一颗独特而耀眼的星辰,她的人生轨迹充满了起伏与转折,每一个阶段都散发着别样的魅力。从学霸转身成为*演员*,凭借独特气质迅速走红,再到经历婚姻的波折、事业的困境,她始终坚定地追寻着自己的方向,用行动诠释着对生活和事业的热爱与执着。
昨天01:05已证实！知名女*演员转行当老师* 据报道，娱乐圈有不少高学历代表，其中必数千禧年代*TVB*“五大花旦”之一的*陈慧珊*，近年她甚少在幕前出现。最近她在社交平台开设了账号教英语，还发布了几...
前天21:33*TVB*“五大花旦”之一的*陈慧珊*已获得博士学位，*转行当老师* 据报道，千禧年代TVB“五大花旦”之一的陈慧珊最近在社交平台开设了账号教英语，还发布了几条宣传自家英语课程的短片。此前，...
2023年9月6日近日,又一位*TVB*艺人*转行*了,而且还当了英语*老师*。因为疫情原因,近年来不少港星为了生计纷纷转行,有的当教练,有的当网红,有的卖酒,有的当保安,有的卖保险,那些从小陪伴着我们长大的艺人们,为了生活所迫不得不转行,港剧年代似乎离我们越来越远,再也回不去当年那个时代了!
2021年7月5日据人民资讯7月4日报道，有网友爆料，现年50岁的前*TVB*花旦*陈慧珊*，疑似*转行当*起了深圳某教育机构的英语*老师*。授课资讯上显示，陈慧珊是该机构的“特约主讲”，负责青少儿英语的教学工作...
2023年4月27日△ 网友对*陈慧珊转行当*英语老师的评价 果不其然,很快,这个消息被证实是旧闻。 陈慧珊是在2012年跟深圳这家青少儿英语培训机构签约,2017年已经到期,而且是真的想去*当老师*,并不是传言中的“教育顾问比在*TVB*赚得多”。 △ 这一新闻很快被证实是假的 粉丝都知道,陈慧珊在...
------------------------------------
","谈起香港的新闻检查,却有它的饶有趣味的别致的情形,虽则在我们主张言论自由的人们,对于新闻检查总觉得是一件无法欢迎的东西。

香港原来没有什么新闻检查处,自从受过海员大罢工的重大打击之后,惊于舆论作用的伟大,害怕得很,才实行新闻检查,虽明知和英国人所自闭的""法治""精神不合,也顾不得许多了。据我们的经验,香港新闻检查处有几种最通不过的文字,其一便是关于劳工问题,尤其是关于提倡劳工运动的文字。香港的新闻检查原在吃了工潮苦头之后才有的,他们最怕的当然是直接或间接和劳工有关系的文字。例如陶行知先生的《一个地方的印刷工人生活》那首诗,说什么""一家肚子饿;没有棉衣过冬;破屋呼呼西北风,妈妈病得要死,不能送终!""这些话是他们所最怕听的!至于那首诗的末段:""骂他他不痛,怨天也无用,也不可做梦。拳头联起来,碰!碰!碰!""那更是他们听了要掩耳逃避的

话语!所以这首诗在香港完全被新闻检查处抽去,后来我们把它带到上海来,才得和诸君见面。(见《生活星期刊》第十二号。)

他们不许用""帝国主义""所以各报遇着这个名词总写作  ${\mathfrak{s}}\times$ $\times$  主义"",读者看得惯了,也就心领意会,知道这  ${\mathfrak{s}}\times{\mathfrak{s}}^{\mathfrak{s}}$  是什么。我们知道,在上海各种日报上还可以把这四个字连在一起用,这样看来,香港新闻检查似乎更严厉些;其实也不尽然,例如在上海有许多地方为着""敦睦邦交"",只写""抗  $\times$  救国"",在那里,这""抗""字下的那个字是可以到处明目张胆写出来的。中国人在那里发表抗敌救国的言论倒比上海自由得多。这在我们做中国人的说来虽觉汗颜无地,但却是事实。《生活日报》开张的第一天,香港的日本领事馆就派人到我们的报馆里定报一份,好象公然来放个炸弹!但是我们后来对于抗敌救国的主张还是很大胆地发表出来。

他们不但检查新闻,言论同样地要受检查。有些报纸上的社论被他们完全抽去,因为夜里迟了,主笔先生走了,没有第二篇赶去检查,第二天社论的地位便是一大片雪白,完全开着天窗,这是在别处所未见的。","谈起香港艺人的转行风潮，却有它耐人寻味的特殊现象。虽则在我们主张职业自由的人们看来，艺人改行本不足为奇，但其中折射的社会变迁却令人深思。

香港影视业曾如东方明珠般璀璨，谁曾想一场疫情竟使得诸多熟悉的面孔纷纷转投他业？陈慧珊博士放下荧幕教鞭，执起学堂教鞭；李绮红褪去戏服换上护士服；江华改行卖起保险。这般景象，倒叫人想起当年香港新闻检查处那""开天窗""的奇观——只不过彼时是言论被扼住咽喉，此刻却是梦想被现实掐住了脖子。

细察这些转行案例，尤以教育行业最受青睐。陈慧珊在深圳教英语的新闻，初闻令人错愕，细想却在情理之中。这位拥有博士学位的""花旦""，将《鉴证实录》里的专业范儿带进了真实课堂。这倒让我想起当年香港报纸用""××主义""替代""帝国主义""的往事——今日艺人们何尝不是在用""教育顾问""的名头，延续着知识的传递？只是前者是被迫的隐晦，后者却是主动的转型。

有趣的是，这些转行故事在内地引发的反响远胜香江。就像当年《生活日报》的抗日言论在香港反而比上海更自由一般，今日内地舆论对这些""跨界老师""的包容度，倒显出几分令人意外的开明。深圳家长争相报名陈博士的英语课，这等景象若放在二十年前，怕是会被当作天方夜谭。

看官们且莫急着唏嘘""港剧黄金时代""的逝去。这些转行故事里，我看到的不是落魄，而是香港人那股子""狮子山下""的韧劲。就像当年被抽掉的社论第二天照样""开天窗""示众一般，今天的转行艺人们也在用各自的方式，在人生的新篇页上落下浓墨重彩的一笔。"
5,9高三老师再战高考637分请全班吃饭,2025年多省份公布普通高校招生录取控制分数线，宁夏首次实施“3+1+2”模式。,高考，分数线，招生，宁夏，3+1+2模式,"报道：

中新网6月24日电 据福建省教育考试院网站消息，6月24日下午，福建省高等学校招生委员会召开全体会议，研究确定福建省2025年普通高考切线方案，部署高招录取工作。经会议研究决定，福建省2025年普通高考各类录取控制分数线具体如下：

图片来源：福建省教育考试院网站
------------------------------------
报道：

据宁夏教育厅消息，宁夏2025年普通高等学校招生录取控制分数线公布。其中，**历史类本科线为404分，物理类本科线为372分，专科线均为150分**。

此外，特殊类型招生录取控制分数线为历史类482分、物理类441分，该分数线将作为强基计划、军事院校和高校专项计划等部分特殊类型招生和部分高校招生时的参考依据。

作为第五批启动高考综合改革的省份，宁夏在本次高考中首次实施“3+1+2”模式。

普通类

体育类

艺术类

**点击图片**

**一键直达高考成绩查询窗口**↓

（总台记者 许波 刘思萌）

©2025中央广播电视总台版权所有。未经许可，请勿转载使用。
------------------------------------
","《生活日报》创刊还不到半个月,各地读者的来信,已经象雪片飞来,在我们编辑部的案头总是堆得有一尺多高。这些来信对《生活日报》不是提出许多意见,便是表示一些希望。我们对于这些热情的读者们,除了表示十分感谢以外,认为有在这里作一个总答复的必要。

我们理想中的《生活日报》

把大部分的读者来信归纳起来,不出两种态度,有的鼓励我们,有的抱怨我们(自然鼓励我们的更多于抱怨我们的)。鼓励我们的希望我们把《生活日报》办成真正理想的报纸。抱怨我们的认为现在的《生活日报》还不够称作理想的报纸。

对于这两种意见,我们都乐意接受。因为现在中国出版的日报,虽然不算多,也有六百多种,假如我们不是存心要办成一个理想的报纸,那么,《生活日报》根本就没有出版的必要。但是,目前的《生活日报》是不是就算理想的报纸呢?在我们,认为这中间的距离,正和地球和火星的距离一样远。可是科学的发明,必然有一天建立了地球和火星的交通;同样地,我们相信算了我们大家的努力,""也必然有一天会有一种理想的《生活日报》的出现。

《生活日报》是出世不满半个月的襁褓儿。不管它怎样孱弱,怎样幼稚,我们却希望,相信它将变成一个体力智力都十分强健

的伟大人物, 就是我们理想中的《生活日报》。所以我们正不必因为这初生的婴孩, 生得太渺小, 而失望悲哀。反之, 我们却不妨开一次汤饼会, 预祝它的伟大的将来。

现在无妨先从目的地说起。什么是我们理想中的《生活日报》呢? 换句话说, 我们希望这襁褓儿, 将来长成怎样的一个伟大人物呢?

理想的《生活日报》:

必须是反应全国大众的实际生活的报纸;

必须是大众文化的最灵敏的触角;

必须是五万万中国人(连国内国外的中国人合计)一天不可缺少的精神食粮。

因为是反应全国大众的实际生活的报纸, 所以必须成为一切生产大众的集体作品, 必须由全国各地的工人, 农民, 职员, 学生直接供给言论和新闻资料, 而不是仅由少数的职业投稿家和新闻记者包办一切。因为是大众文化的最灵敏触角, 所以报纸的内容,","高考分数线公布后的几点思考

近日，福建、宁夏等地相继公布了2025年普通高考录取控制分数线，犹如一石激起千层浪，在考生和家长中引起了广泛讨论。这些冷冰冰的数字背后，牵动着多少家庭的喜怒哀乐，值得我们深思。

翻阅各地公布的分数线，我们发现一个有趣的现象：宁夏作为第五批高考改革省份，首次实施""3+1+2""模式，其物理类本科线仅为372分，与历史类相差32分之多。这不禁让人想起《生活日报》初创时读者来信中提到的""理想与现实的距离""。高考改革正如襁褓中的婴儿，虽已迈出第一步，但距离理想中的招生制度，恐怕还有火星到地球那么远。

我们理想中的高考制度应该是什么样子的呢？

首先，它必须是科学选拔人才的精准标尺。不仅要考核学生的知识储备，更要检验其思维能力和创新精神。就像宁夏在特殊类型招生中设立的单独分数线，这正是向多元化评价迈出的可贵一步。

其次，它必须是教育公平的守护者。分数线不应成为阻隔寒门学子向上流动的壁垒，而应该像灵敏的触角，感知不同地区、不同背景学生的实际需求。

最后，它必须是教育改革的先行者。从""3+1+2""模式的探索到强基计划的实施，我们期待高考制度能像《生活日报》所追求的那样，真正成为推动教育进步的重要力量。

当前的高考制度或许还像初生的婴儿一样不够完善，但我们有理由相信，通过持续的改革与创新，终将建立起更加科学、公平的人才选拔机制。让我们以理性的态度看待分数线，以长远的眼光期待改革，共同见证中国教育事业的成长与进步。"
